{
  "screening": {
    "threshold": 0.3,
    "recall": 0.9551282051282052,
    "specificity": 0.8653846153846154
  },
  "confirmation": {
    "threshold": 0.8,
    "recall": 0.7970085470085471,
    "specificity": 0.9572649572649572
  },
  "balanced": {
    "threshold": 0.3,
    "recall": 0.9551282051282052,
    "specificity": 0.8653846153846154
  }
}