{
  "timestamp": "2026-01-14T10:36:32.211979",
  "best_model": "Random Forest Otimizado",
  "metrics": {
    "recall": 0.9197396963123644,
    "f2_score": 0.893760539629005,
    "precision": 0.803030303030303,
    "f1_score": 0.8574317492416582,
    "accuracy": 0.9049865229110512,
    "auc_roc": 0.9515355076197565,
    "false_negatives": 37,
    "false_positives": 104
  },
  "criteria_met": {
    "recall_gte_70": true,
    "f2_gte_65": true,
    "fn_lte_50": true
  },
  "data_info": {
    "train_samples": 3800,
    "test_samples": 1484,
    "n_features": 12
  },
  "all_models_comparison": {
    "Random Forest": {
      "accuracy": 0.8995956873315364,
      "precision": 0.7988505747126436,
      "recall": 0.9045553145336226,
      "f1_score": 0.8484231943031536,
      "f2_score": 0.8812341504649197,
      "auc_roc": 0.9508145622483316,
      "tn": 918,
      "fp": 105,
      "fn": 44,
      "tp": 417,
      "fnr": 0.09544468546637744,
      "fpr": 0.10263929618768329
    },
    "Gradient Boosting": {
      "accuracy": 0.9002695417789758,
      "precision": 0.8050682261208577,
      "recall": 0.89587852494577,
      "f1_score": 0.8480492813141683,
      "f2_score": 0.8761137038608401,
      "auc_roc": 0.9595581453044193,
      "tn": 923,
      "fp": 100,
      "fn": 48,
      "tp": 413,
      "fnr": 0.10412147505422993,
      "fpr": 0.09775171065493646
    },
    "Logistic Regression": {
      "accuracy": 0.8847708894878706,
      "precision": 0.7715355805243446,
      "recall": 0.8937093275488069,
      "f1_score": 0.828140703517588,
      "f2_score": 0.8662741799831791,
      "auc_roc": 0.9546991855437731,
      "tn": 901,
      "fp": 122,
      "fn": 49,
      "tp": 412,
      "fnr": 0.10629067245119306,
      "fpr": 0.11925708699902249
    },
    "Decision Tree": {
      "accuracy": 0.8564690026954178,
      "precision": 0.7339622641509433,
      "recall": 0.8438177874186551,
      "f1_score": 0.7850655903128153,
      "f2_score": 0.8192923336141533,
      "auc_roc": 0.8597708241889894,
      "tn": 882,
      "fp": 141,
      "fn": 72,
      "tp": 389,
      "fnr": 0.1561822125813449,
      "fpr": 0.1378299120234604
    },
    "AdaBoost": {
      "accuracy": 0.8935309973045822,
      "precision": 0.811088295687885,
      "recall": 0.8568329718004338,
      "f1_score": 0.8333333333333334,
      "f2_score": 0.8472758472758473,
      "auc_roc": 0.9501932769723687,
      "tn": 931,
      "fp": 92,
      "fn": 66,
      "tp": 395,
      "fnr": 0.14316702819956617,
      "fpr": 0.08993157380254155
    },
    "Extra Trees": {
      "accuracy": 0.889487870619946,
      "precision": 0.8087318087318087,
      "recall": 0.8438177874186551,
      "f1_score": 0.8259023354564756,
      "f2_score": 0.8365591397849462,
      "auc_roc": 0.9499950169952269,
      "tn": 931,
      "fp": 92,
      "fn": 72,
      "tp": 389,
      "fnr": 0.1561822125813449,
      "fpr": 0.08993157380254155
    },
    "KNN": {
      "accuracy": 0.851078167115903,
      "precision": 0.7352941176470589,
      "recall": 0.8134490238611713,
      "f1_score": 0.772399588053553,
      "f2_score": 0.796516567544605,
      "auc_roc": 0.9072524983937762,
      "tn": 888,
      "fp": 135,
      "fn": 86,
      "tp": 375,
      "fnr": 0.18655097613882862,
      "fpr": 0.13196480938416422
    },
    "Naive Bayes": {
      "accuracy": 0.761455525606469,
      "precision": 0.8543046357615894,
      "recall": 0.279826464208243,
      "f1_score": 0.4215686274509804,
      "f2_score": 0.3233082706766917,
      "auc_roc": 0.9352601658598441,
      "tn": 1001,
      "fp": 22,
      "fn": 332,
      "tp": 129,
      "fnr": 0.720173535791757,
      "fpr": 0.021505376344086023
    },
    "XGBoost": {
      "accuracy": 0.8975741239892183,
      "precision": 0.8047337278106509,
      "recall": 0.8850325379609545,
      "f1_score": 0.8429752066115702,
      "f2_score": 0.8677158655891111,
      "auc_roc": 0.9533972430200827,
      "tn": 924,
      "fp": 99,
      "fn": 53,
      "tp": 408,
      "fnr": 0.11496746203904555,
      "fpr": 0.0967741935483871
    },
    "LightGBM": {
      "accuracy": 0.8901617250673854,
      "precision": 0.8016194331983806,
      "recall": 0.8590021691973969,
      "f1_score": 0.8293193717277487,
      "f2_score": 0.8468776732249786,
      "auc_roc": 0.9523921603552141,
      "tn": 925,
      "fp": 98,
      "fn": 65,
      "tp": 396,
      "fnr": 0.14099783080260303,
      "fpr": 0.09579667644183773
    }
  }
}