,mean_importance,max_importance,n_features,top_feature,top_score
Pressão Arterial,0.6476837820864947,0.6916498950758709,2,pressao_sistolica,0.6916498950758709
Antropométricas,0.2990791315217128,0.2990791315217128,1,imc,0.2990791315217128
Medicamentos,0.16871385652281717,0.2608952323953218,2,medicamento_pressao,0.2608952323953218
Demografia,0.1553198980296781,0.30382972886060966,2,idade,0.30382972886060966
Biomarcadores,0.12587994660004648,0.16820006934910614,2,colesterol_total,0.16820006934910614
Estilo de Vida,0.10075355044684599,0.10075355044684599,1,fumante_atualmente,0.10075355044684599
