threshold,accuracy,precision,recall,f1,sensitivity,specificity,ppv,npv,false_positive_rate,false_negative_rate
0.3,0.717654986522911,1.0,0.0911062906724512,0.16699801192842942,0.0911062906724512,1.0,1.0,0.7094313453536755,0.0,0.9088937093275488
0.4,0.717654986522911,1.0,0.0911062906724512,0.16699801192842942,0.0911062906724512,1.0,1.0,0.7094313453536755,0.0,0.9088937093275488
0.5,0.717654986522911,1.0,0.0911062906724512,0.16699801192842942,0.0911062906724512,1.0,1.0,0.7094313453536755,0.0,0.9088937093275488
0.6,0.6893530997304582,0.0,0.0,0.0,0.0,1.0,0.0,0.6893530997304582,0.0,1.0
0.7,0.6893530997304582,0.0,0.0,0.0,0.0,1.0,0.0,0.6893530997304582,0.0,1.0
0.8,0.6893530997304582,0.0,0.0,0.0,0.0,1.0,0.0,0.6893530997304582,0.0,1.0
