threshold,accuracy,precision,recall,f1,sensitivity,specificity,ppv,npv,false_positive_rate,false_negative_rate
0.3,0.9102564102564102,0.8764705882352941,0.9551282051282052,0.9141104294478528,0.9551282051282052,0.8653846153846154,0.8764705882352941,0.9507042253521126,0.1346153846153846,0.04487179487179487
0.4,0.9113247863247863,0.9002079002079002,0.9252136752136753,0.9125395152792413,0.9252136752136753,0.8974358974358975,0.9002079002079002,0.9230769230769231,0.10256410256410256,0.07478632478632478
0.5,0.9123931623931624,0.9106382978723404,0.9145299145299145,0.9125799573560768,0.9145299145299145,0.9102564102564102,0.9106382978723404,0.9141630901287554,0.08974358974358974,0.08547008547008547
0.6,0.9145299145299145,0.9199134199134199,0.9081196581196581,0.9139784946236559,0.9081196581196581,0.9209401709401709,0.9199134199134199,0.9092827004219409,0.07905982905982906,0.09188034188034189
0.7,0.8952991452991453,0.9223744292237442,0.8632478632478633,0.891832229580574,0.8632478632478633,0.9273504273504274,0.9223744292237442,0.8714859437751004,0.07264957264957266,0.13675213675213677
0.8,0.8771367521367521,0.9491094147582697,0.7970085470085471,0.8664343786295006,0.7970085470085471,0.9572649572649573,0.9491094147582697,0.8250460405156538,0.042735042735042736,0.202991452991453
