Model,AUC_Mean,AUC_Std,F1_Mean,F1_Std,Accuracy_Mean,Precision_Mean,Recall_Mean
Gradient Boosting,0.944036986282285,0.006061084535580685,0.8251753929825831,0.006079146130933124,0.8888565954618322,0.8074849555931227,0.8443917851500791
Random Forest,0.9424355462975219,0.006453399648216447,0.8147504735288059,0.0045693888952866805,0.8841385692129237,0.810342229416119,0.8197201534642293
Logistic Regression,0.9423240279608953,0.003581494115393604,0.8035186001676932,0.011038964025686255,0.8835512053557852,0.8447977892119477,0.766603475513428
Extra Trees,0.9422091407301025,0.005478767831347261,0.8156786114730774,0.008050732692997225,0.885909349598794,0.8187967158438877,0.8130715414127735
Naive Bayes,0.9398879456881527,0.0056228622542053835,0.8072065923686388,0.010919060985639526,0.8758841954809476,0.7801087241662085,0.836799819453848
SVM,0.9271839240279014,0.013064919250104372,0.8134089675098135,0.009965054310655383,0.8885637824147083,0.8477734818704216,0.7817874069058903
K-Neighbors,0.919808770453782,0.0070164855412830195,0.8046489333572637,0.006375116467537874,0.8806013528484107,0.8186109972543278,0.7912751071992778
Decision Tree,0.8096076548624321,0.005563846263014851,0.7376313208414337,0.00988146160676836,0.8366681003210517,0.737988849831081,0.7381358609794628
