Categoria,N_Pacientes,Prevalencia_Real,Accuracy,Precision,Recall,F1,AUC
Baixo,737,21.8%,0.8819538670284939,0.7176470588235294,0.7577639751552795,0.7371601208459214,0.939581176673568
Moderado,111,91.9%,0.918918918918919,0.918918918918919,1.0,0.9577464788732394,0.6100217864923747
