modelo,f2_mean,f2_std,recall_mean,recall_std,precision_mean,accuracy_mean,auc_mean,tempo_cv,f2_score,recall,precision,accuracy
Random Forest,0.8699329363386967,0.0314315436414788,0.8925404596763226,0.028237445290534062,0.7903103798319868,0.892602383019017,0.9483866592225156,3.4270708560943604,0.11134676564156946,0.0911062906724512,1.0,0.717654986522911
Logistic Regression,0.8547500999155979,0.02967437947406059,0.876186590507276,0.0274335931981077,0.7792435201470437,0.8838981824877035,0.9456250223682421,1.8578977584838867,0.0,0.0,0.0,0.6893530997304582
Gradient Boosting,0.851393732503723,0.02694993305873601,0.8668502651978784,0.026087523147562706,0.7952921641940975,0.888973276519635,0.9467669300750856,4.176758766174316,0.11134676564156946,0.0911062906724512,1.0,0.717654986522911
XGBoost,0.8428456676718786,0.029334787172321873,0.8551611587107303,0.027401806520883504,0.7971840797881525,0.8871603671848286,0.947987573994145,1.037283182144165,0.0,0.0,0.0,0.6893530997304582
Decision Tree,0.7663221805380452,0.00932308000676717,0.7722086223310213,0.009462837134268084,0.7442988604168662,0.8465221336700072,0.8625414707208657,0.06608104705810547,0.11134676564156946,0.0911062906724512,1.0,0.717654986522911
