threshold,accuracy,precision,recall,f1,sensitivity,specificity,ppv,npv,false_positive_rate,false_negative_rate
0.3,0.8938679245283019,0.7799352750809061,0.9163498098859315,0.8426573426573427,0.9163498098859315,0.8837606837606837,0.7799352750809061,0.9591836734693877,0.11623931623931624,0.08365019011406843
0.4,0.8903301886792453,0.7891156462585034,0.8821292775665399,0.8330341113105925,0.8821292775665399,0.8940170940170941,0.7891156462585034,0.944043321299639,0.10598290598290598,0.11787072243346007
0.5,0.8867924528301887,0.797153024911032,0.8517110266159695,0.8235294117647058,0.8517110266159695,0.9025641025641026,0.797153024911032,0.9312169312169312,0.09743589743589744,0.1482889733840304
0.6,0.8773584905660378,0.806949806949807,0.7946768060836502,0.8007662835249042,0.7946768060836502,0.9145299145299145,0.806949806949807,0.9083191850594228,0.08547008547008547,0.20532319391634982
0.7,0.8608490566037735,0.8403755868544601,0.6806083650190115,0.7521008403361344,0.6806083650190115,0.9418803418803419,0.8403755868544601,0.8677165354330708,0.05811965811965812,0.3193916349809886
0.8,0.8514150943396226,0.8784530386740331,0.6045627376425855,0.7162162162162162,0.6045627376425855,0.9623931623931624,0.8784530386740331,0.8440779610194903,0.037606837606837605,0.39543726235741444
