{
  "screening": {
    "threshold": 0.06,
    "recall": 0.9934924078091106,
    "specificity": 0.533724340175953
  },
  "confirmation": {
    "threshold": 0.95,
    "recall": 0.30585683297180044,
    "specificity": 0.9980449657869013
  },
  "balanced": {
    "threshold": 0.5499999999999999,
    "recall": 0.9175704989154013,
    "specificity": 0.9002932551319648
  }
}