,mean_importance,max_importance,n_features,top_feature,top_score
Pressão Arterial,0.23396397893437934,0.7677384563461039,4,pressao_sistolica,0.7677384563461039
Demografia,0.016898086353001284,0.01986647508668419,2,indice_vulnerabilidade,0.01986647508668419
Features Engineered,0.011059126840653745,0.011059126840653745,1,tripla_interacao,0.011059126840653745
Risco Cardiovascular,0.0035357076580294017,0.0035357076580294017,1,score_risco_cv,0.0035357076580294017
